{
  "macro": {
    "accuracy": 0.6985191394244202,
    "precision": 0.6136749741259799,
    "recall": 0.557826962844091,
    "f1-score": 0.5715336060123115
  },
  "anger": {
    "precision": 0.7909604519774012,
    "recall": 0.42042042042042044,
    "f1-score": 0.5490196078431373
  },
  "contempt": {
    "precision": 0.23684210526315788,
    "recall": 0.23076923076923078,
    "f1-score": 0.23376623376623376
  },
  "disgust": {
    "precision": 0.5151515151515151,
    "recall": 0.3541666666666667,
    "f1-score": 0.41975308641975306
  },
  "fear": {
    "precision": 0.5753424657534246,
    "recall": 0.45161290322580644,
    "f1-score": 0.5060240963855421
  },
  "happiness": {
    "precision": 0.889308176100629,
    "recall": 0.7926008968609866,
    "f1-score": 0.8381742738589212
  },
  "neutral": {
    "precision": 0.725506072874494,
    "recall": 0.712241653418124,
    "f1-score": 0.7188126754913758
  },
  "sadness": {
    "precision": 0.42677824267782427,
    "recall": 0.6876404494382022,
    "f1-score": 0.5266781411359724
  },
  "surprise": {
    "precision": 0.7495107632093934,
    "recall": 0.8131634819532909,
    "f1-score": 0.780040733197556
  }
}