{
  "macro": {
    "accuracy": 0.7351215423302598,
    "precision": 0.6096535848250286,
    "recall": 0.6120010036337168,
    "f1-score": 0.6090080412152528
  },
  "anger": {
    "precision": 0.6260162601626016,
    "recall": 0.6936936936936937,
    "f1-score": 0.6581196581196581
  },
  "contempt": {
    "precision": 0.2972972972972973,
    "recall": 0.28205128205128205,
    "f1-score": 0.2894736842105263
  },
  "disgust": {
    "precision": 0.5128205128205128,
    "recall": 0.4166666666666667,
    "f1-score": 0.45977011494252873
  },
  "fear": {
    "precision": 0.5102040816326531,
    "recall": 0.5376344086021505,
    "f1-score": 0.5235602094240838
  },
  "happiness": {
    "precision": 0.8383620689655172,
    "recall": 0.8721973094170403,
    "f1-score": 0.8549450549450549
  },
  "neutral": {
    "precision": 0.7807394668959587,
    "recall": 0.7217806041335453,
    "f1-score": 0.7501032631144156
  },
  "sadness": {
    "precision": 0.565,
    "recall": 0.5078651685393258,
    "f1-score": 0.5349112426035503
  },
  "surprise": {
    "precision": 0.7467889908256881,
    "recall": 0.8641188959660298,
    "f1-score": 0.8011811023622047
  }
}