{
  "macro": {
    "accuracy": 0.7384744341994971,
    "precision": 0.5781582147449424,
    "recall": 0.6200926316817985,
    "f1": 0.5911777815314694
  },
  "anger": {
    "precision": 0.7186311787072244,
    "recall": 0.5675675675675675,
    "f1": 0.6342281879194631
  },
  "contempt": {
    "precision": 0.18181818181818182,
    "recall": 0.20512820512820512,
    "f1": 0.1927710843373494
  },
  "disgust": {
    "precision": 0.3380281690140845,
    "recall": 0.5,
    "f1": 0.40336134453781514
  },
  "fear": {
    "precision": 0.4,
    "recall": 0.6666666666666666,
    "f1": 0.5
  },
  "happiness": {
    "precision": 0.8304568527918782,
    "recall": 0.9170403587443946,
    "f1": 0.8716036228023442
  },
  "neutral": {
    "precision": 0.80875781948168,
    "recall": 0.71939586645469,
    "f1": 0.7614640302902819
  },
  "sadness": {
    "precision": 0.5695652173913044,
    "recall": 0.5887640449438202,
    "f1": 0.5790055248618785
  },
  "surprise": {
    "precision": 0.7780082987551867,
    "recall": 0.7961783439490446,
    "f1": 0.7869884575026233
  }
}