{
  "macro": {
    "accuracy": 0.7806649902207321,
    "precision": 0.6667504348463948,
    "recall": 0.6498261768371083,
    "f1": 0.6526614049192183
  },
  "neutral": {
    "precision": 0.8341307814992025,
    "recall": 0.7765404602821084,
    "f1": 0.8043060361399462
  },
  "happiness": {
    "precision": 0.9138134592680047,
    "recall": 0.8609566184649611,
    "f1": 0.8865979381443299
  },
  "surprise": {
    "precision": 0.8191056910569106,
    "recall": 0.8779956427015251,
    "f1": 0.8475289169295478
  },
  "sadness": {
    "precision": 0.49914236706689535,
    "recall": 0.6961722488038278,
    "f1": 0.5814185814185814
  },
  "anger": {
    "precision": 0.7851851851851852,
    "recall": 0.6625,
    "f1": 0.7186440677966102
  },
  "disgust": {
    "precision": 0.6153846153846154,
    "recall": 0.4444444444444444,
    "f1": 0.5161290322580645
  },
  "fear": {
    "precision": 0.5172413793103449,
    "recall": 0.6,
    "f1": 0.5555555555555556
  },
  "contempt": {
    "precision": 0.35,
    "recall": 0.28,
    "f1": 0.3111111111111111
  }
}