{
  "macro": {
    "accuracy": 0.7798267672534227,
    "precision": 0.687728429840736,
    "recall": 0.6184995940148128,
    "f1": 0.6329722891847579
  },
  "neutral": {
    "precision": 0.7877291960507757,
    "recall": 0.8292501855976243,
    "f1": 0.8079566003616636
  },
  "happiness": {
    "precision": 0.853035143769968,
    "recall": 0.8909899888765295,
    "f1": 0.8715995647442872
  },
  "surprise": {
    "precision": 0.8166666666666667,
    "recall": 0.8540305010893247,
    "f1": 0.8349307774227902
  },
  "sadness": {
    "precision": 0.6348122866894198,
    "recall": 0.4449760765550239,
    "f1": 0.5232067510548524
  },
  "anger": {
    "precision": 0.7098765432098766,
    "recall": 0.71875,
    "f1": 0.7142857142857143
  },
  "disgust": {
    "precision": 0.75,
    "recall": 0.25,
    "f1": 0.375
  },
  "fear": {
    "precision": 0.5052631578947369,
    "recall": 0.64,
    "f1": 0.5647058823529412
  },
  "contempt": {
    "precision": 0.4444444444444444,
    "recall": 0.32,
    "f1": 0.37209302325581395
  }
}